run_id,platform,compiler,machine,logical_threads,seed,slots,cycles,repeats,warmups,alignment,touch_policy,case,sizes,backend,allocation_pairs,min_ns_per_pair,median_ns_per_pair,max_ns_per_pair
1789570043172,"Windows x64","MSVC195136257","Intel64 Family 6 Model 142 Stepping 12, GenuineIntel",8,12345,256,4,12,1,16,volatile_first_last_byte,immediate,16,CRT,1024,53.7109375,56.15234375,92.96875
1789570043172,"Windows x64","MSVC195136257","Intel64 Family 6 Model 142 Stepping 12, GenuineIntel",8,12345,256,4,12,1,16,volatile_first_last_byte,immediate,16,System,1024,58.10546875,62.01171875,103.515625
1789570043172,"Windows x64","MSVC195136257","Intel64 Family 6 Model 142 Stepping 12, GenuineIntel",8,12345,256,4,12,1,16,volatile_first_last_byte,immediate,16,Binned,1024,23555.859375,25909.521484375,27031.73828125
1789570043172,"Windows x64","MSVC195136257","Intel64 Family 6 Model 142 Stepping 12, GenuineIntel",8,12345,256,4,12,1,16,volatile_first_last_byte,batch,16,CRT,1024,66.015625,66.6015625,75.68359375
1789570043172,"Windows x64","MSVC195136257","Intel64 Family 6 Model 142 Stepping 12, GenuineIntel",8,12345,256,4,12,1,16,volatile_first_last_byte,batch,16,System,1024,70.60546875,71.6796875,72.36328125
1789570043172,"Windows x64","MSVC195136257","Intel64 Family 6 Model 142 Stepping 12, GenuineIntel",8,12345,256,4,12,1,16,volatile_first_last_byte,batch,16,Binned,1024,126.46484375,130.17578125,152.9296875
1789570043172,"Windows x64","MSVC195136257","Intel64 Family 6 Model 142 Stepping 12, GenuineIntel",8,12345,256,4,12,1,16,volatile_first_last_byte,immediate,24,CRT,1024,54.296875,56.25,58.7890625
1789570043172,"Windows x64","MSVC195136257","Intel64 Family 6 Model 142 Stepping 12, GenuineIntel",8,12345,256,4,12,1,16,volatile_first_last_byte,immediate,24,System,1024,58.69140625,61.376953125,70.5078125
1789570043172,"Windows x64","MSVC195136257","Intel64 Family 6 Model 142 Stepping 12, GenuineIntel",8,12345,256,4,12,1,16,volatile_first_last_byte,immediate,24,Binned,1024,15152.734375,15919.82421875,17458.0078125
1789570043172,"Windows x64","MSVC195136257","Intel64 Family 6 Model 142 Stepping 12, GenuineIntel",8,12345,256,4,12,1,16,volatile_first_last_byte,batch,24,CRT,1024,63.671875,64.111328125,69.82421875
1789570043172,"Windows x64","MSVC195136257","Intel64 Family 6 Model 142 Stepping 12, GenuineIntel",8,12345,256,4,12,1,16,volatile_first_last_byte,batch,24,System,1024,69.53125,70.654296875,81.73828125
1789570043172,"Windows x64","MSVC195136257","Intel64 Family 6 Model 142 Stepping 12, GenuineIntel",8,12345,256,4,12,1,16,volatile_first_last_byte,batch,24,Binned,1024,99.21875,101.66015625,134.86328125
1789570043172,"Windows x64","MSVC195136257","Intel64 Family 6 Model 142 Stepping 12, GenuineIntel",8,12345,256,4,12,1,16,volatile_first_last_byte,immediate,64,CRT,1024,54.98046875,57.275390625,64.2578125
1789570043172,"Windows x64","MSVC195136257","Intel64 Family 6 Model 142 Stepping 12, GenuineIntel",8,12345,256,4,12,1,16,volatile_first_last_byte,immediate,64,System,1024,59.47265625,62.3046875,68.06640625
1789570043172,"Windows x64","MSVC195136257","Intel64 Family 6 Model 142 Stepping 12, GenuineIntel",8,12345,256,4,12,1,16,volatile_first_last_byte,immediate,64,Binned,1024,11600.1953125,11879.638671875,13138.4765625
1789570043172,"Windows x64","MSVC195136257","Intel64 Family 6 Model 142 Stepping 12, GenuineIntel",8,12345,256,4,12,1,16,volatile_first_last_byte,batch,64,CRT,1024,68.9453125,69.775390625,117.08984375
1789570043172,"Windows x64","MSVC195136257","Intel64 Family 6 Model 142 Stepping 12, GenuineIntel",8,12345,256,4,12,1,16,volatile_first_last_byte,batch,64,System,1024,76.46484375,77.5390625,134.86328125
1789570043172,"Windows x64","MSVC195136257","Intel64 Family 6 Model 142 Stepping 12, GenuineIntel",8,12345,256,4,12,1,16,volatile_first_last_byte,batch,64,Binned,1024,101.07421875,105.56640625,171.77734375
1789570043172,"Windows x64","MSVC195136257","Intel64 Family 6 Model 142 Stepping 12, GenuineIntel",8,12345,256,4,12,1,16,volatile_first_last_byte,immediate,256,CRT,1024,54.8828125,57.12890625,59.66796875
1789570043172,"Windows x64","MSVC195136257","Intel64 Family 6 Model 142 Stepping 12, GenuineIntel",8,12345,256,4,12,1,16,volatile_first_last_byte,immediate,256,System,1024,61.328125,64.453125,69.43359375
1789570043172,"Windows x64","MSVC195136257","Intel64 Family 6 Model 142 Stepping 12, GenuineIntel",8,12345,256,4,12,1,16,volatile_first_last_byte,immediate,256,Binned,1024,7626.26953125,7911.083984375,8565.625
1789570043172,"Windows x64","MSVC195136257","Intel64 Family 6 Model 142 Stepping 12, GenuineIntel",8,12345,256,4,12,1,16,volatile_first_last_byte,batch,256,CRT,1024,79.1015625,85.25390625,113.96484375
1789570043172,"Windows x64","MSVC195136257","Intel64 Family 6 Model 142 Stepping 12, GenuineIntel",8,12345,256,4,12,1,16,volatile_first_last_byte,batch,256,System,1024,120.01953125,127.294921875,147.265625
1789570043172,"Windows x64","MSVC195136257","Intel64 Family 6 Model 142 Stepping 12, GenuineIntel",8,12345,256,4,12,1,16,volatile_first_last_byte,batch,256,Binned,1024,159.27734375,162.158203125,172.16796875
1789570043172,"Windows x64","MSVC195136257","Intel64 Family 6 Model 142 Stepping 12, GenuineIntel",8,12345,256,4,12,1,16,volatile_first_last_byte,immediate,1024,CRT,1024,57.6171875,59.9609375,97.36328125
1789570043172,"Windows x64","MSVC195136257","Intel64 Family 6 Model 142 Stepping 12, GenuineIntel",8,12345,256,4,12,1,16,volatile_first_last_byte,immediate,1024,System,1024,61.42578125,64.35546875,110.05859375
1789570043172,"Windows x64","MSVC195136257","Intel64 Family 6 Model 142 Stepping 12, GenuineIntel",8,12345,256,4,12,1,16,volatile_first_last_byte,immediate,1024,Binned,1024,7467.87109375,7902.587890625,9613.0859375
1789570043172,"Windows x64","MSVC195136257","Intel64 Family 6 Model 142 Stepping 12, GenuineIntel",8,12345,256,4,12,1,16,volatile_first_last_byte,batch,1024,CRT,1024,174.0234375,282.12890625,464.84375
1789570043172,"Windows x64","MSVC195136257","Intel64 Family 6 Model 142 Stepping 12, GenuineIntel",8,12345,256,4,12,1,16,volatile_first_last_byte,batch,1024,System,1024,310.9375,422.900390625,544.921875
1789570043172,"Windows x64","MSVC195136257","Intel64 Family 6 Model 142 Stepping 12, GenuineIntel",8,12345,256,4,12,1,16,volatile_first_last_byte,batch,1024,Binned,1024,499.31640625,509.619140625,699.0234375
1789570043172,"Windows x64","MSVC195136257","Intel64 Family 6 Model 142 Stepping 12, GenuineIntel",8,12345,256,4,12,1,16,volatile_first_last_byte,immediate,4096,CRT,1024,58.49609375,59.619140625,100.5859375
1789570043172,"Windows x64","MSVC195136257","Intel64 Family 6 Model 142 Stepping 12, GenuineIntel",8,12345,256,4,12,1,16,volatile_first_last_byte,immediate,4096,System,1024,69.140625,70.263671875,75.390625
1789570043172,"Windows x64","MSVC195136257","Intel64 Family 6 Model 142 Stepping 12, GenuineIntel",8,12345,256,4,12,1,16,volatile_first_last_byte,immediate,4096,Binned,1024,7654.19921875,8094.140625,9778.3203125
1789570043172,"Windows x64","MSVC195136257","Intel64 Family 6 Model 142 Stepping 12, GenuineIntel",8,12345,256,4,12,1,16,volatile_first_last_byte,batch,4096,CRT,1024,324.21875,698.14453125,816.89453125
1789570043172,"Windows x64","MSVC195136257","Intel64 Family 6 Model 142 Stepping 12, GenuineIntel",8,12345,256,4,12,1,16,volatile_first_last_byte,batch,4096,System,1024,116.6015625,842.138671875,1084.9609375
1789570043172,"Windows x64","MSVC195136257","Intel64 Family 6 Model 142 Stepping 12, GenuineIntel",8,12345,256,4,12,1,16,volatile_first_last_byte,batch,4096,Binned,1024,1882.2265625,1917.7734375,2088.8671875
1789570043172,"Windows x64","MSVC195136257","Intel64 Family 6 Model 142 Stepping 12, GenuineIntel",8,12345,256,4,12,1,16,volatile_first_last_byte,immediate,4097,CRT,1024,59.08203125,60.498046875,66.796875
1789570043172,"Windows x64","MSVC195136257","Intel64 Family 6 Model 142 Stepping 12, GenuineIntel",8,12345,256,4,12,1,16,volatile_first_last_byte,immediate,4097,System,1024,68.359375,69.970703125,78.90625
1789570043172,"Windows x64","MSVC195136257","Intel64 Family 6 Model 142 Stepping 12, GenuineIntel",8,12345,256,4,12,1,16,volatile_first_last_byte,immediate,4097,Binned,1024,8848.53515625,9154.6875,9642.28515625
1789570043172,"Windows x64","MSVC195136257","Intel64 Family 6 Model 142 Stepping 12, GenuineIntel",8,12345,256,4,12,1,16,volatile_first_last_byte,batch,4097,CRT,1024,457.51953125,726.611328125,1164.55078125
1789570043172,"Windows x64","MSVC195136257","Intel64 Family 6 Model 142 Stepping 12, GenuineIntel",8,12345,256,4,12,1,16,volatile_first_last_byte,batch,4097,System,1024,605.56640625,853.90625,1206.73828125
1789570043172,"Windows x64","MSVC195136257","Intel64 Family 6 Model 142 Stepping 12, GenuineIntel",8,12345,256,4,12,1,16,volatile_first_last_byte,batch,4097,Binned,1024,9859.375,10304.00390625,12103.61328125
1789570043172,"Windows x64","MSVC195136257","Intel64 Family 6 Model 142 Stepping 12, GenuineIntel",8,12345,256,4,12,1,16,volatile_first_last_byte,mixed_random_free,mixed,CRT,1024,85.546875,161.474609375,256.15234375
1789570043172,"Windows x64","MSVC195136257","Intel64 Family 6 Model 142 Stepping 12, GenuineIntel",8,12345,256,4,12,1,16,volatile_first_last_byte,mixed_random_free,mixed,System,1024,90.625,102.734375,432.32421875
1789570043172,"Windows x64","MSVC195136257","Intel64 Family 6 Model 142 Stepping 12, GenuineIntel",8,12345,256,4,12,1,16,volatile_first_last_byte,mixed_random_free,mixed,Binned,1024,2126.5625,2213.134765625,2647.36328125
1789570043172,"Windows x64","MSVC195136257","Intel64 Family 6 Model 142 Stepping 12, GenuineIntel",8,12345,256,4,12,1,16,volatile_first_last_byte,retained_half,mixed,CRT,768,73.4375,82.421875,188.93229166666666
1789570043172,"Windows x64","MSVC195136257","Intel64 Family 6 Model 142 Stepping 12, GenuineIntel",8,12345,256,4,12,1,16,volatile_first_last_byte,retained_half,mixed,System,768,85.026041666666671,98.893229166666657,166.27604166666666
1789570043172,"Windows x64","MSVC195136257","Intel64 Family 6 Model 142 Stepping 12, GenuineIntel",8,12345,256,4,12,1,16,volatile_first_last_byte,retained_half,mixed,Binned,768,1697.5260416666667,1798.5677083333333,2787.890625
